coverage,comparison,delta,lo,hi,significant
0.0,SimpleCNN C vs SimpleCNN B,0.0018298442,-0.0027709187,0.0062317075,False
0.0,SimpleCNN D vs SimpleCNN B,0.0011006324,-0.0043393048,0.0062430175,False
0.0,VGG11 B vs SimpleCNN B,-0.0034739855,-0.008689562,0.0021673962,False
0.0,VGG11 C vs VGG11 B,0.00579638,0.0002999097,0.010788535,True
0.0,VGG11 D vs VGG11 B,0.004257204,-0.0015020638,0.009973779,False
0.0,ResNet18-scratch B vs SimpleCNN B,-0.0013594086,-0.007565652,0.0046793865,False
0.0,ResNet18-scratch C vs ResNet18-scratch B,-0.012738772,-0.01930001,-0.006556162,True
0.0,ResNet18-scratch D vs ResNet18-scratch B,-0.022737721,-0.029439656,-0.016301984,True
0.0,ResNet18-pretrained B vs SimpleCNN B,-0.020187926,-0.026904752,-0.013644166,True
0.0,ResNet18-pretrained C vs ResNet18-pretrained B,-0.005784607,-0.012495987,0.0013376325,False
0.0,ResNet18-pretrained D vs ResNet18-pretrained B,-0.012028133,-0.019843603,-0.004453513,True
0.25,SimpleCNN C vs SimpleCNN B,0.0023461077,-0.0023582503,0.00682406,False
0.25,SimpleCNN D vs SimpleCNN B,3.152615e-05,-0.005163826,0.0050602527,False
0.25,VGG11 B vs SimpleCNN B,-0.00048875896,-0.005716124,0.0045911088,False
0.25,VGG11 C vs VGG11 B,0.004743376,-0.0005451888,0.010446772,False
0.25,VGG11 D vs VGG11 B,0.0041398327,-0.0014101177,0.009828337,False
0.25,ResNet18-scratch B vs SimpleCNN B,0.00020240182,-0.005377777,0.0056095,False
0.25,ResNet18-scratch C vs ResNet18-scratch B,-0.014447135,-0.020970922,-0.008493672,True
0.25,ResNet18-scratch D vs ResNet18-scratch B,-0.020195456,-0.026555961,-0.01419286,True
0.25,ResNet18-pretrained B vs SimpleCNN B,-0.018752819,-0.025093693,-0.012243177,True
0.25,ResNet18-pretrained C vs ResNet18-pretrained B,-0.0057372963,-0.012051267,0.00066386163,False
0.25,ResNet18-pretrained D vs ResNet18-pretrained B,-0.009657591,-0.017228588,-0.001581934,True
0.5,SimpleCNN C vs SimpleCNN B,-0.005369563,-0.010695063,-0.00038729905,True
0.5,SimpleCNN D vs SimpleCNN B,-0.0022959285,-0.0076008723,0.0027395964,False
0.5,VGG11 B vs SimpleCNN B,-0.0063757305,-0.0115412325,-0.0012101501,True
0.5,VGG11 C vs VGG11 B,0.006971422,0.0014853508,0.0127680125,True
0.5,VGG11 D vs VGG11 B,0.0066152974,0.0010355726,0.012094362,True
0.5,ResNet18-scratch B vs SimpleCNN B,-0.0048421547,-0.010628013,0.0007775858,False
0.5,ResNet18-scratch C vs ResNet18-scratch B,-0.013740737,-0.019968322,-0.00791083,True
0.5,ResNet18-scratch D vs ResNet18-scratch B,-0.016034821,-0.022574233,-0.010160735,True
0.5,ResNet18-pretrained B vs SimpleCNN B,-0.028607843,-0.03451511,-0.022940505,True
0.5,ResNet18-pretrained C vs ResNet18-pretrained B,0.0019136145,-0.0043916525,0.00821401,False
0.5,ResNet18-pretrained D vs ResNet18-pretrained B,-0.0005754546,-0.008107652,0.007154557,False
0.75,SimpleCNN C vs SimpleCNN B,0.0033524795,-0.0019215852,0.008617898,False
0.75,SimpleCNN D vs SimpleCNN B,0.0048315856,-0.00045315473,0.010364661,False
0.75,VGG11 B vs SimpleCNN B,-0.000626854,-0.005597773,0.004009968,False
0.75,VGG11 C vs VGG11 B,0.009003364,0.0027682544,0.014856326,True
0.75,VGG11 D vs VGG11 B,0.011166756,0.005356577,0.016366042,True
0.75,ResNet18-scratch B vs SimpleCNN B,-0.0077547943,-0.013051137,-0.0021133677,True
0.75,ResNet18-scratch C vs ResNet18-scratch B,-0.00049554626,-0.006569852,0.0057005,False
0.75,ResNet18-scratch D vs ResNet18-scratch B,-0.0008104716,-0.0072227805,0.0058984114,False
0.75,ResNet18-pretrained B vs SimpleCNN B,-0.025210243,-0.03106216,-0.019444434,True
0.75,ResNet18-pretrained C vs ResNet18-pretrained B,0.0068820664,0.0004571557,0.013292106,True
0.75,ResNet18-pretrained D vs ResNet18-pretrained B,0.0069749253,0.00064541696,0.013704294,True
0.9,SimpleCNN C vs SimpleCNN B,0.008389346,0.002876836,0.013642425,True
0.9,SimpleCNN D vs SimpleCNN B,0.007932807,0.0019217596,0.013591883,True
0.9,VGG11 B vs SimpleCNN B,-0.0072164703,-0.011467518,-0.0027053028,True
0.9,VGG11 C vs VGG11 B,0.020403042,0.014389592,0.027066534,True
0.9,VGG11 D vs VGG11 B,0.025260322,0.019211505,0.031421013,True
0.9,ResNet18-scratch B vs SimpleCNN B,-0.01569379,-0.02090604,-0.010776629,True
0.9,ResNet18-scratch C vs ResNet18-scratch B,0.014598435,0.008099402,0.02098835,True
0.9,ResNet18-scratch D vs ResNet18-scratch B,0.012569784,0.006156169,0.018857175,True
0.9,ResNet18-pretrained B vs SimpleCNN B,-0.038323008,-0.044862606,-0.032074697,True
0.9,ResNet18-pretrained C vs ResNet18-pretrained B,0.029025704,0.022505553,0.036030963,True
0.9,ResNet18-pretrained D vs ResNet18-pretrained B,0.025809528,0.018723642,0.032544736,True
1.0,SimpleCNN C vs SimpleCNN B,0.38153985,0.3737073,0.38872674,True
1.0,SimpleCNN D vs SimpleCNN B,0.3092099,0.30048546,0.31797254,True
1.0,VGG11 B vs SimpleCNN B,-0.32955092,-0.33451566,-0.32472733,True
1.0,VGG11 C vs VGG11 B,0.7103828,0.7030769,0.7172647,True
1.0,VGG11 D vs VGG11 B,0.5507893,0.5418209,0.55947787,True
1.0,ResNet18-scratch B vs SimpleCNN B,-0.32955092,-0.33451566,-0.32472733,True
1.0,ResNet18-scratch C vs ResNet18-scratch B,0.7049635,0.6978941,0.71164936,True
1.0,ResNet18-scratch D vs ResNet18-scratch B,0.60098183,0.5939546,0.6074462,True
1.0,ResNet18-pretrained B vs SimpleCNN B,-0.24179037,-0.24627243,-0.23743851,True
1.0,ResNet18-pretrained C vs ResNet18-pretrained B,0.556492,0.5487333,0.5641255,True
1.0,ResNet18-pretrained D vs ResNet18-pretrained B,0.55659485,0.5493885,0.5645395,True
